{
    "metrics": {
        "vus": {
            "min": 7,
            "max": 10,
            "value": 7
        },
        "http_req_blocked": {
            "avg": 57.30028740157475,
            "min": 0.001,
            "med": 0.008,
            "max": 879.222,
            "p(90)": 0.02,
            "p(95)": 626.09855
        },
        "http_req_failed": {
            "passes": 0,
            "fails": 254,
            "value": 0
        },
        "data_received": {
            "count": 1632279,
            "rate": 76084.2352769424
        },
        "http_req_connecting": {
            "avg": 20.19659842519685,
            "min": 0,
            "med": 0,
            "max": 263.258,
            "p(90)": 0,
            "p(95)": 256.8163
        },
        "vus_max": {
            "max": 10,
            "value": 10,
            "min": 10
        },
        "http_reqs": {
            "count": 254,
            "rate": 11.839517484660018
        },
        "http_req_duration": {
            "med": 260.1625,
            "max": 514.884,
            "p(90)": 262.5687,
            "p(95)": 265.4747,
            "avg": 267.577496062992,
            "min": 234.798
        },
        "data_sent": {
            "count": 34925,
            "rate": 1627.9336541407524
        },
        "iterations": {
            "count": 127,
            "rate": 5.919758742330009
        },
        "http_req_sending": {
            "min": 0.006,
            "med": 0.0345,
            "max": 0.116,
            "p(90)": 0.058,
            "p(95)": 0.06434999999999999,
            "avg": 0.03703149606299212
        },
        "http_req_receiving": {
            "p(90)": 0.2384,
            "p(95)": 0.307,
            "avg": 10.94060236220472,
            "min": 0.024,
            "med": 0.1345,
            "max": 256.629
        },
        "http_req_duration{expected_response:true}": {
            "p(95)": 265.4747,
            "avg": 267.577496062992,
            "min": 234.798,
            "med": 260.1625,
            "max": 514.884,
            "p(90)": 262.5687
        },
        "http_req_tls_handshaking": {
            "min": 0,
            "med": 0,
            "max": 536.064,
            "p(90)": 0,
            "p(95)": 259.68919999999997,
            "avg": 30.850358267716537
        },
        "iteration_duration": {
            "avg": 1650.9175518897646,
            "min": 1494.428292,
            "med": 1519.400083,
            "max": 2979.42475,
            "p(90)": 1777.7173412,
            "p(95)": 2968.8153417
        },
        "http_req_waiting": {
            "avg": 256.59986220472456,
            "min": 234.482,
            "med": 259.2275,
            "max": 269.708,
            "p(90)": 262.1309,
            "p(95)": 262.5293
        }
    },
    "root_group": {
        "name": "",
        "path": "",
        "id": "d41d8cd98f00b204e9800998ecf8427e",
        "groups": {},
        "checks": {}
    }
}